	Genotype	Phenotype	Haplotype1	Haplotype2	AlternativePhase	VariantData	CNV
HG02651	*1/*1	Normal Metabolizer	*1;	*1;	;	*1:default;	
HG02691	*1/*1	Normal Metabolizer	*1;	*1;	;	*1:default;	
HG03603	*1/*1	Normal Metabolizer	*1;	*1;	;	*1:default;	
HG03619	*1/*1	Normal Metabolizer	*1;	*1;	;	*1:default;	
HG03672	*1/*1	Normal Metabolizer	*1;	*1;	;	*1:default;	
HG03723	*1/*1	Normal Metabolizer	*1;	*1;	;	*1:default;	
HG03790	*1/*1	Normal Metabolizer	*1;	*1;	;	*1:default;	
HG03814	*1/*1	Normal Metabolizer	*1;	*1;	;	*1:default;	
NA20864	*1/*1	Normal Metabolizer	*1;	*1;	;	*1:default;	
NA20900	*1/*1	Normal Metabolizer	*1;	*1;	;	*1:default;	
NA21092	*1/*1	Normal Metabolizer	*1;	*1;	;	*1:default;	
