Gene,Population,Diplotype,n,Freq
CYP2C19,AFR,*1/*1,24,0.5
CYP2C19,AFR,*1/*2,14,0.2916666666666667
CYP2C19,AFR,*38/*38,3,0.0625
CYP2C19,AFR,*2/*13,2,0.041666666666666664
CYP2C19,AFR,*1/*39,1,0.020833333333333332
CYP2C19,AFR,*1/*9,1,0.020833333333333332
CYP2C19,AFR,*2/*2,1,0.020833333333333332
CYP2C19,AFR,*2/*35,1,0.020833333333333332
CYP2C19,AFR,*35/*35,1,0.020833333333333332
CYP2C19,EAS,*1/*1,9,0.75
CYP2C19,EAS,*1/*38,1,0.08333333333333333
CYP2C19,EAS,*2/*2,1,0.08333333333333333
CYP2C19,EAS,*2/*3,1,0.08333333333333333
CYP2C19,EUR,*1/*1,14,0.56
CYP2C19,EUR,*1/*2,6,0.24
CYP2C19,EUR,*1/*38,4,0.16
CYP2C19,EUR,*2/*38,1,0.04
CYP2C19,SAS,*1/*1,4,0.36363636363636365
CYP2C19,SAS,*1/*2,2,0.18181818181818182
CYP2C19,SAS,*1/*38,2,0.18181818181818182
CYP2C19,SAS,*2/*2,2,0.18181818181818182
CYP2C19,SAS,*2/*38,1,0.09090909090909091
CYP2C9,AFR,*1/*1,48,1
CYP2C9,EAS,*1/*1,12,1
CYP2C9,EUR,*1/*1,25,1
CYP2C9,SAS,*1/*1,11,1
CYP2D6,AFR,*1/*1,44,0.9166666666666666
CYP2D6,AFR,*43/*43,3,0.0625
CYP2D6,AFR,*1/*43,1,0.020833333333333332
CYP2D6,EAS,*1/*1,12,1
CYP2D6,EUR,*1/*1,25,1
CYP2D6,SAS,*1/*1,11,1
CYP4F2,AFR,*1/*1,9,0.1875
CYP4F2,AFR,*1/*17,7,0.14583333333333334
CYP4F2,AFR,*1/*2,6,0.125
CYP4F2,AFR,*1/*5,5,0.10416666666666667
CYP4F2,AFR,*2/*5,4,0.08333333333333333
CYP4F2,AFR,*1/*6,2,0.041666666666666664
CYP4F2,AFR,*2/*17,2,0.041666666666666664
CYP4F2,AFR,*2/*6,2,0.041666666666666664
CYP4F2,AFR,*3/*5,2,0.041666666666666664
CYP4F2,AFR,*4/*17,2,0.041666666666666664
CYP4F2,AFR,*2/*2,1,0.020833333333333332
CYP4F2,AFR,*2/*3,1,0.020833333333333332
CYP4F2,AFR,*2/*4,1,0.020833333333333332
CYP4F2,AFR,*4/*4,1,0.020833333333333332
CYP4F2,AFR,*4/*5,1,0.020833333333333332
CYP4F2,AFR,*5/*5,1,0.020833333333333332
CYP4F2,AFR,*5/*6,1,0.020833333333333332
CYP4F2,EAS,*1/*1,4,0.3333333333333333
CYP4F2,EAS,*1/*17,3,0.25
CYP4F2,EAS,*1/*3,2,0.16666666666666666
CYP4F2,EAS,*1/*4,1,0.08333333333333333
CYP4F2,EAS,*3/*17,1,0.08333333333333333
CYP4F2,EAS,*8/*17,1,0.08333333333333333
CYP4F2,EUR,*1/*17,7,0.28
CYP4F2,EUR,*1/*3,4,0.16
CYP4F2,EUR,*1/*4,4,0.16
CYP4F2,EUR,*1/*1,1,0.04
CYP4F2,EUR,*1/*5,1,0.04
CYP4F2,EUR,*1/*6,1,0.04
CYP4F2,EUR,*3/*17,1,0.04
CYP4F2,EUR,*3/*3,1,0.04
CYP4F2,EUR,*3/*4,1,0.04
CYP4F2,EUR,*3/*5,1,0.04
CYP4F2,EUR,*4/*17,1,0.04
CYP4F2,EUR,*5/*5,1,0.04
CYP4F2,EUR,*6/*17,1,0.04
CYP4F2,SAS,*1/*17,3,0.2727272727272727
CYP4F2,SAS,*1/*3,2,0.18181818181818182
CYP4F2,SAS,*3/*3,2,0.18181818181818182
CYP4F2,SAS,*1/*14,1,0.09090909090909091
CYP4F2,SAS,*1/*4,1,0.09090909090909091
CYP4F2,SAS,*3/*17,1,0.09090909090909091
CYP4F2,SAS,*4/*17,1,0.09090909090909091
OPRM1,AFR,Reference/Reference,47,0.9791666666666666
OPRM1,AFR,Reference/rs1799971,1,0.020833333333333332
OPRM1,EAS,Reference/Reference,10,0.8333333333333334
OPRM1,EAS,Reference/rs1799971,2,0.16666666666666666
OPRM1,EUR,Reference/Reference,20,0.8
OPRM1,EUR,Reference/rs1799971,4,0.16
OPRM1,EUR,rs1799971/rs1799971,1,0.04
OPRM1,SAS,Reference/rs1799971,6,0.5454545454545454
OPRM1,SAS,Reference/Reference,4,0.36363636363636365
OPRM1,SAS,rs1799971/rs1799971,1,0.09090909090909091
UGT2B7,AFR,*1/*1,34,0.7083333333333334
UGT2B7,AFR,*1/*2,13,0.2708333333333333
UGT2B7,AFR,*2/*2,1,0.020833333333333332
UGT2B7,EAS,*1/*1,5,0.4166666666666667
UGT2B7,EAS,*1/*2,5,0.4166666666666667
UGT2B7,EAS,*1/*3,1,0.08333333333333333
UGT2B7,EAS,*2/*2,1,0.08333333333333333
UGT2B7,EUR,*1/*2,15,0.6
UGT2B7,EUR,*2/*2,6,0.24
UGT2B7,EUR,*1/*1,4,0.16
UGT2B7,SAS,*1/*2,6,0.5454545454545454
UGT2B7,SAS,*1/*1,3,0.2727272727272727
UGT2B7,SAS,*2/*2,2,0.18181818181818182
VKORC1,AFR,Reference/Reference,48,1
VKORC1,EAS,Reference/Reference,12,1
VKORC1,EUR,Reference/Reference,25,1
VKORC1,SAS,Reference/Reference,11,1
