Gene,Population,Allele,n,AF
CYP2C19,AFR,*1,64,0.667
CYP2C19,AFR,*2,19,0.198
CYP2C19,AFR,*38,6,0.062
CYP2C19,AFR,*35,3,0.031
CYP2C19,AFR,*13,2,0.021
CYP2C19,AFR,*39,1,0.01
CYP2C19,AFR,*9,1,0.01
CYP2C19,EAS,*1,19,0.792
CYP2C19,EAS,*2,3,0.125
CYP2C19,EAS,*3,1,0.042
CYP2C19,EAS,*38,1,0.042
CYP2C19,EUR,*1,38,0.76
CYP2C19,EUR,*2,7,0.14
CYP2C19,EUR,*38,5,0.1
CYP2C19,SAS,*1,12,0.545
CYP2C19,SAS,*2,7,0.318
CYP2C19,SAS,*38,3,0.136
CYP2C9,AFR,*1,96,1
CYP2C9,EAS,*1,24,1
CYP2C9,EUR,*1,50,1
CYP2C9,SAS,*1,22,1
CYP2D6,AFR,*1,89,0.927
CYP2D6,AFR,*43,7,0.073
CYP2D6,EAS,*1,24,1
CYP2D6,EUR,*1,50,1
CYP2D6,SAS,*1,22,1
CYP4F2,AFR,*1,38,0.396
CYP4F2,AFR,*2,18,0.188
CYP4F2,AFR,*5,15,0.156
CYP4F2,AFR,*17,11,0.115
CYP4F2,AFR,*4,6,0.062
CYP4F2,AFR,*6,5,0.052
CYP4F2,AFR,*3,3,0.031
CYP4F2,EAS,*1,14,0.583
CYP4F2,EAS,*17,5,0.208
CYP4F2,EAS,*3,3,0.125
CYP4F2,EAS,*4,1,0.042
CYP4F2,EAS,*8,1,0.042
CYP4F2,EUR,*1,19,0.38
CYP4F2,EUR,*17,10,0.2
CYP4F2,EUR,*3,9,0.18
CYP4F2,EUR,*4,6,0.12
CYP4F2,EUR,*5,4,0.08
CYP4F2,EUR,*6,2,0.04
CYP4F2,SAS,*1,7,0.318
CYP4F2,SAS,*3,7,0.318
CYP4F2,SAS,*17,5,0.227
CYP4F2,SAS,*4,2,0.091
CYP4F2,SAS,*14,1,0.045
OPRM1,AFR,Reference,95,0.99
OPRM1,AFR,rs1799971,1,0.01
OPRM1,EAS,Reference,22,0.917
OPRM1,EAS,rs1799971,2,0.083
OPRM1,EUR,Reference,44,0.88
OPRM1,EUR,rs1799971,6,0.12
OPRM1,SAS,Reference,14,0.636
OPRM1,SAS,rs1799971,8,0.364
UGT2B7,AFR,*1,81,0.844
UGT2B7,AFR,*2,15,0.156
UGT2B7,EAS,*1,16,0.667
UGT2B7,EAS,*2,7,0.292
UGT2B7,EAS,*3,1,0.042
UGT2B7,EUR,*2,27,0.54
UGT2B7,EUR,*1,23,0.46
UGT2B7,SAS,*1,12,0.545
UGT2B7,SAS,*2,10,0.455
VKORC1,AFR,Reference,96,1
VKORC1,EAS,Reference,24,1
VKORC1,EUR,Reference,50,1
VKORC1,SAS,Reference,22,1
